require mobilityduck

query I
SELECT intspan('[1,2]');
----
[1, 3)

query I
SELECT intspan ('(1,2]');
----
[2, 3)

query I
SELECT tstzspan('[2000-01-01,2000-01-01]');
----
[2000-01-01 00:00:00+00, 2000-01-01 00:00:00+00]